Disciplina;Numero_Chamada;Sequencias
BIOCOMPUTACAO;1;vertical, horizontal = 'CCCCCCCCGCUCCACUCUGU', 'CCCCUCCCCUCCC'
BIOCOMPUTACAO;2;vertical, horizontal = 'CCGGUAUAAGGUAAUAUCGU', 'CCGGUACGGUCGG'
BIOCOMPUTACAO;3;vertical, horizontal = 'CAAGGAAAUGAAAGCCAAGU', 'CAACCCUGCCCAA'
BIOCOMPUTACAO;4;vertical, horizontal = 'GUCGGUAUCCUAUCUGCCUU', 'GUCGAUUCUAUUC'
BIOCOMPUTACAO;5;vertical, horizontal = 'CCCUCAUCGCAUCUCCGCUC', 'CCCCGCCGCGCCC'
BIOCOMPUTACAO;6;vertical, horizontal = 'UUCGGAUCGAUCAGAUUCUC', 'UUCGUGACGCAAC'
BIOCOMPUTACAO;7;vertical, horizontal = 'AACGAUCGGAAGUAAAGGCA', 'AACGAUUUAAUUA'
BIOCOMPUTACAO;8;vertical, horizontal = 'CGUGGGAUGAUAUGGCCAGG', 'CGUCAGAUCACGU'
BIOCOMPUTACAO;9;vertical, horizontal = 'GGGCAGGGACGCGAAGCGAA', 'GGGAACAGAAUGG'
BIOCOMPUTACAO;10;vertical, horizontal = 'UACCUUAGGGUAGGCAAGGU', 'UACUCAACUUGUC'
TOPICOS EM BIOIFORMATICA;1;vertical, horizontal = 'GUGGGCUGGAAGCAGCGACGGCUGGAAGGAUUGAACCACACCGACGCGAGAAGCCUACCUGAACUGGUAUUGGUUGAUUCGUUUAUGCCAACAUCGCGGCUCUUCUCUUAUCCGCCGAUUAUCGCAGAAGCCGCUCGGGCUGUUUCUCUUCUGCCCGGGUGAAGUCUCAGGGGUGCACACCACAUCUGAUCUCUUUACAA', 'GUGGAAGCAGCGACGUGACGGCUGGAAGGAUUGAACCGACGCGAGAAGCCUACCUGAACUGGUAUUGGUUGACUUGAUUCGUUUAUGCCAACAUCGCGGCUCUUAUUCUAACCUAUCCGCCGAUUAUCGCAGA'
TOPICOS EM BIOIFORMATICA;2;vertical, horizontal = 'UCCCCUAUCAUGGACAGGACAUUGCAUGAUUCUACAAGGGAAGUGGUACUGUACGAGCAACAUUUGUGGCUGGAGCAGCUGAUCCGAUGGAGGUUGGGUGCGCUGAUCCUGAACUGUAUCAUGGCCGCGUCGUCAUUGCUUCGGCUAUAAACACCACUACGGGUGAGCGAUCUCGCUUAAAAUCUGAUGAUUACACAAAU', 'UCCCCUAUCAUGGACAUGAUUCUACAAGGGAAGUGGUACCCUACGAGCAACAUUUGUGGCUGGAGCAGCUGAUGGAGGUUGGGUUGGGUGCGCUGAUCCUGAACAGAACUGUAUCAUGGCCGCGUCGUCAUUG'
TOPICOS EM BIOIFORMATICA;3;vertical, horizontal = 'CUGUUUAAGCUCUACGCUUCUGGCACGGCACGUACCGUAUACUUUUGCCGCCCUGCUUAUGUUCGCGAAUGGCAGUCUGCGUCUUAUCACCGGGCCGAACCGAGGUCCCACUCGGAGAUAGGGAGGGUGCGGUAGAAUCAACCGUAAGACGGAUUUCAUUAAGCGAUACCCAGAUUGUGUGUUUACAUAUUCGAGAGCCG', 'CUGUUUAAGCUCUACGCUUCUGGCACGUAUACUUUUGCCGCCCUGCUUAUGUUCGCGAGCCGAAUGGCAGUCUGCGUCUUACCUUAUCAACUCGACUCACCGAGGUCCCACUCGGAGAUAGGGAGGGUAGAAU'
TOPICOS EM BIOIFORMATICA;4;vertical, horizontal = 'UAUGUACCUGAAAUCAGUCGAAGCGUUAGUUUAUGCCGCACUGGACUGCACUGAAAGCUCGGCUCCAGCUCUGAUCCCAUAUCCGUUCGUGAUAUUCUUGCUGCAACGCAAACUGUUAUGCAUAUACGAUAUCCCCUGUUCUUGAACCGAACCCUCGGCUAGUACCGCACCACCGGCAGCGGUCAUGCAGCCGCUGUCGC', 'UAUCGUAUGUACCUGAAAUCAGUCGAAGCGGGGCGUUAGUUUAUGCCGCACUGCACUGAAAGCUCCAGCUCUGAUCCCAUAUCCGUUCGUGAUAUUCUUGCUGCAAACUGUUAUGCAUAUAUCCCCUGUUCUU'
TOPICOS EM BIOIFORMATICA;5;vertical, horizontal = 'UGCACGGCCAAACCGUACAGUCCUGCACGCAGCGCCUUGGUCCUGUGCCUAAGCGAUGGGGGUUGAAACACUUACACAAAAAACCGUCUCCAUUAUCUCAGUUCUCCAGGCUCCACUCUUGCUUUUGGAGAGCAUAAAUCUUGGUAACAUAAAGUUUCGGGUGGCGACGCUCGCAGUUACGCUACGGUAGCGUAGCGUGU', 'UGCACGGCCAAACCGUACAGUCCUGCACGCCUUGGUCCUGUGCCUAAGCGAUGGGGGUUGAAACACUAGACUUACACAAAAAACCGUCUCCAUUAUCUGUUCUCAGUUCUCCAGGCUCUUGCUUUUGGAGAGC'
TOPICOS EM BIOIFORMATICA;6;vertical, horizontal = 'CGCCCUGGUUCAUAUAAUAUUCCAAAGGAGCAUAUGGACUCAGCAUUGCGGGGGUCGAGUAUAUAGUAAGAAAGGGGUCCGAUUCCGAGCUUCUUAGAUUGUUUGUUCUAAUGGCUCAAUGUCCGACCCGGUGCGUCAGAGUGCAGUCCAUAUCAUGAGCCAAAGGCCACGCCAAUGAUGGCCUCACCCCACCUACUGUC', 'CGCCCUGGUUCAUAUUCCAAAGGAGCAUAUGGACUCAGCAUUGCGGGGGUCGAGUAUAUAGUAAGAAAGGGGUCCGAUUAAAUUCCGAGCUUCUUAGGCUAGAUUCGAUUGUUUGCAUUGUUCUAAUGGCUCA'
TOPICOS EM BIOIFORMATICA;7;vertical, horizontal = 'GAUUACAUGACAGUAGUGCCCACAACAGUUCAAUGAGGGUAAGCCGCACCAGCGUACUCGCAUCAUUACGUCUUCCCCUUCAAGCCACAUGCUAUGUACGUCAACUUUACGCCUGUUGAGUUAGUACAGUAAGAUGCGAUCGUAUCUGGUCGCCCCUAGGAUAUCAGGUGCUGGGCUGCUGAAUCCUUGUCGUCUGUGCC', 'GAUUACAGUAGUGCCCACAACAGUUCAAUGAGGGUCAGGUAAGCCGCACCAGCGUACUCGCAUCAUUACGUCUUCCCCUUGGCUUCAAGCCACAGAAUGGAACAUGUACGUCAACUUUACGCCUGUUAGUAAG'
TOPICOS EM BIOIFORMATICA;8;vertical, horizontal = 'CAUCCGUCGCACGCGGAACGUGCGAUGAUUUGACAGGAGUGACCCCCGCACCGCAGGAACUAUAUGCCGCGCGAUACAAAUAAUGGUAUCCAACAUCCUGUUGCAGUGCAUGUGAGGUGGGGGAUUAGGAAAACAUUGAAGUGACCUUUCCUUGGUAAAGCAUUACCACCCUCCUGGAGCUGCAGAUCGAAUUCGGCCAU', 'CAUCCUUUCCGUCCCGUCGCACGCGGAACGUGCGAUGAGUUGACAGGAGUGACCCCCGCAGGAUUGGAACUAUAUGCCGCGCGAUACAAAUAAUGGUAUCCAACAUCCUGUUGCAUGUGAGGUGGGGGAUUAG'
TOPICOS EM BIOIFORMATICA;9;vertical, horizontal = 'UCAGCUUCCAACCGAGCGGUUAUGUCUUUCCACUUGACUCUCAGCCCAGAGGAGGCGAGCGCGACAGGACCGCUUUCGCUUUCAUCUAAUUUCUAGGAAGUGGAAUCCGCUCAAAAAUACUUCGAUUGCAUUGUCUUGUGACUUCGGAUUAUGCCCGUAUGCUGCUUGCUGAGCUGGCGCGAGAUUUUCAGUCUUCACGC', 'UCAGCUUCCGCUCCAACCGAGCGGUUAUGUCUUUCCACUUGACUCUCAGCCCAGAGGAGCGCUGCGCGACCGCUUUAGUUUCGCUUUCAUCUAAUUUCUAGGAAGUGGAAUCCGCUCAAAAAUACUUCGAUUG'
TOPICOS EM BIOIFORMATICA;10;vertical, horizontal = 'UCGUUACGUAUCGUGUUUACGUUACGCAACACGACCUUACCCUACCGCAGGGCAGCACAAAACGCAUGCUUUCCCCACAAUGUGCAUCCGCGCAAGUUGCCCAUCACGCCAUUUCAGGGGGACGUAACCCGAAAUUGUGUCCGAACGAAAUUGCAAGUCAAGGGGCUUGGAAGCUAAUGAUAAUGCCCCGAUAUCAACCA', 'UCGUAUCGUGUUUACGCAACACGACCGCAGGGCAGCACAAAACGCAUGCUUUCCCCACAAUGUGCAUCCGCGCAAUUCAAGUUGCCCAUCCCAUCACGCCAUUUCAGGGGGACGUAACCCGAAAGUAAAUUGU'
TOPICOS EM BIOIFORMATICA;11;vertical, horizontal = 'UGUGUUGAAAUCAUGGCCGAUUGUCGGAUUCGCCAUCCGCGCGGGAAUAGCAGCGUUAAGCACCAAGCCACCUAUAUUUCUACACUGGAGGGCCUUUUUCAUGGCUACCUACAAGCAGGUAUUCCGUCAGGUGCGGUGAAAUAAAAACCGUCCGACUGCUAACUGAACUCUUACCUCUUUUCUUGGAAGUCUGAGCUGCU', 'UGUGUUGAAAUCAUGGUUUGGCCGAUUGUCGGAUUCGCCAUCCGCGCGGGAAUAGCAGCGUUAAGCACCAAGCCACCUAGCCUAUAUUUCUAUACUACACUGGAGGGCCUUUUUCAUGGCUACCUACAAGACA'
TOPICOS EM BIOIFORMATICA;12;vertical, horizontal = 'CACCCCCCACGCAAAUGCGUGGCCAGGCCGCAACAUAGCGUCUGACCUGUAGGAUCUUAACGUGCUCGAAGGGCUACAAAAUUCGAGGGCAACACCCUGACGACGAUGGGAGCGACCACGCGAGAAUACUCAUGAAUUCCAUAUGCUACGUACUAAUCUAGGCCACAGGUCAGGGCAGACACAAUGCAAUGGCACGCGCC', 'CACCCCCCACGCAAAUGCGUGGCCAGGCCGCAACAUAGCACAGCGUCUGUAGGAUCUUAACGUGCUCGAAGGGCUACAAAAUUCGAGGGCAACACCCUGACGUCACGACGAUGGGAGCGACCACGCGAGAAUA'
TOPICOS EM BIOIFORMATICA;13;vertical, horizontal = 'AGCUCUUUAAAUCUCCCGGAGAACAUGAACUAUGUAUAUCACAAUACACGGAUACAGUACGCCGCAAAUAGCGCACGGGUUAUGGAACCAGCAUACCCACAUAAUUUGUAAUGCAAGUAGCCAGAUAGAGGCCAGUAAACGCGCAGUCUCGCAGAGCACCAUAUGUCAUUAUCGAUUAUAAUAUUCCAUUCGUGGCGUGG', 'AGCUCUUUAAAUCUCCCGGAGAACAUGAGCUGAACUAUGUAGUGUAUAUCACACGGAUACGCCGCAAAUAGCGCACGGGUUAUGGAACCAGCAUACCCACAUAACAUAAUUUGUAAUGCAAGUAGCCAGAUAG'
TOPICOS EM BIOIFORMATICA;14;vertical, horizontal = 'AGUGCUCUGCUGCCGAUACUGGACUUGGGCGGCGCAGGUUAGCCCUGGAAAAUGCCAACACAUUGGUCCAGUGCCCGAGGCCCCCCAGAGUCUUAGCAAUACAAGUUUAUCGGAUAGGAAAGGGACGAGACGAAGUGAAGAGAAUACUUGAGCCCCAAACCAACAAGGGUGUCAUAUCGGUUUCGUCCCAGUCUCGAAUC', 'AGUUGAGUGCUGCCGAUACUGGACUUGGGCGGCGCAGGUUAAAUUAGCCCUGGAAAAUGCCAACACAUUGGUCCAGUGCCCGUCCCGAGGCCCCCCAGAGUCUUAGCAAGUUUAUCGGAUAGGAAAGGGACGA'
TOPICOS EM BIOIFORMATICA;15;vertical, horizontal = 'CCUCAUUAUCUAGUAGCCGGUACCGUCCUCACCGCUGUCUUUACUCUCGCAGACUGUGGCAUUCUAAGGGUAGGGACGCUGGUAACAGUGUCAGACGUGUCGCGUCGCCAUUGGCAUAUAGCAUACUGUCGCCCGCCUUAUAUAGGGGAAACUUCAGUUAAGUCUAUCUCGAAAGAGUGUGCACAAAGACACGCAACAAC', 'CCUCAUUAUCUAGUAGCCGGUACACUACCGUCCUCACCGCUGUCUGCUCUUUACUCUCGCAGACUGUGGCAUUCUAAGGGACGCUGGUAAUAUAACAGUGUCAGACGUGUCGCCAUUGGCAUAUACUGUCGCG'
TOPICOS EM BIOIFORMATICA;16;vertical, horizontal = 'GGGUCGUCGACUUCCUUUUUGGAAACCUGCGCAUCACUGGGGACUUCGAAUUUAAAUGUAAGCCUUCCGCCCCGCACAAGACAUACAUAGCCUUUGUAGGGAACACCUUAGGCUAGGGUGUUGGGGGCGGGCCUAAUCUAAGCCUCCCUGUGAUAGACCCUCACCUAAAAUGGUGCUCAGCUCUUUCAUCUGUUGCGAAA', 'GGGUCGUCGACUUCCUUUUUGGAAACCUGCGCAUCACUGGGGACUUCGAAUUUAAAUGUAAGCAGAGCCUUCCGCCCCGCACAUACAUAGCCCAGCCUUUGUAGGGAACACCUUAGGGUGUUGCGUUGGGGCC'
TOPICOS EM BIOIFORMATICA;17;vertical, horizontal = 'GUUCGACGUGCGGAACCCAAGCACUCCAGCGGGGGUCAUGCUGGCAGCCGGUCUGUUGUGAUGUCCCUCGUACUUUAGGCUAGGCUCCCAUGGAAUUGACGGUUAUGGAUCAAGGCUAGGAUUACACAACCGCGGGCUUGUCGUAAGAAUCGGUGCAGUAUGCGCAAUGCAAUGCCGAGACGAUGAAGAAAUCUCAGAGC', 'GUUCGACGUGCGGAACCCAAGCACUCCAGCGGGGGUCAUGCUGGCAGCCGGUCUGUUGUCCCUCGUACUUUAGGCUCCCAUGGAAUUGACGGUUAUGGAUCAAGGAUUACACGACACAACCGCUGCGCUGCGC'
TOPICOS EM BIOIFORMATICA;18;vertical, horizontal = 'UCGGACCUUGGCAUUGUCCUACGGAUCCGGUUCAUCUUUUCGCAUGUACUGGCCUCUAUUGGAAUUAAACCUAGGCUAGGCAUGAUAGUUGCUCCUGGCUUCACAUGGAGUGGUGAUCGAGACGUCACUAGUGGAGAACCGUCCCGUCAUGUCAGGAUCGAAUCACGAGUGGGAGAUUUAGAACUAGCAAACUCCCGGCC', 'UCGGACCUUGCCUUGGCAUUGUCCUACGGAUCCGGUUCAUCUUUAGUUUUCGCAUGUACUGGCCUCUAUUGGAUUGGAAUUAAACCUAGGCAUGAUAGUUGCUCCUGGCUUCACAUGGUGAUCGAGACGUCAC'
TOPICOS EM BIOIFORMATICA;19;vertical, horizontal = 'UUAUCAUAUCAGCGCACGCAGGGUCCUCUGCGCUCUACCUGACUCGUGGUAAGCGCCGCCGCGUUUGUCCGAGGUUGGACCGACAACCGGAACUAGCCUCCGAAAAUAUUCGGUCUAAUAAAGUGCCAACGUUGCCACACAUGACAUCACUCCUGUCCGAUCCGCAAGCAGAAAGCGUCCCAGGAGAGGACCUGUUCAUA', 'UUAUCAGCGCACGCAGGGUCCUCUGCGCUCUACCUGACUCGUGGUAAGCGCCGCCGCGUUAGGUUUGUCCGAGGUUGGACCGACAACCGGAAAUGAACUAGCCUCUGCUCCGAAAAUAUUGAAUUCGGUCUAA'
TOPICOS EM BIOIFORMATICA;20;vertical, horizontal = 'GAGAAGAGAACUGAAGAGAGUGUUCAAUAUUGUUUCUUCGGCACCCAUGAAGCAGGCAGUCACCAUUGUAGAAACCUGGGAAAUCUUCCUGCCGCCCUACUUACAGGGGGCGCACGACUGCAGUCGGCCGUUGCAGUGCUCAACGGCCCGCGGCUACUAUUUUGCAGAUAUCCGUUUCGUUGCUGCCGGGCAGGCCAGCG', 'GAGAGUGUUCAAUAUUGUUUCUUCGGCUCGGCACCCAUGAAGCAGGCAGUCACCAUUGUAGAAACAAAACCUGGGAAAUCUUCCUGCCGCCCUACUUACAGGGGGCGCAAGGCACGACUGCAGUCGGCCGUUG'
TOPICOS EM BIOIFORMATICA;21;vertical, horizontal = 'AGCGCACAGUUGGACAUAGGAUUUGGGUCCCAGUUUCGUUACAAUCAACGCAACGAGCGACGCUGUGAUGUUGCGAAACAGGUCCAGGUGGAAGUGGGUGACUUUGUGUGGUGGCUUGGCUGUCAAAUGACACGAAAUUAGUGACAAACCUCGCGACUUGCCGUAACCUGCCCGUAGGGUAAGUUCUAGAGGUAGAGUGC', 'AGCGCACAGUUGGACAUAGGAUUUGGGUCCCAGUUACAAUCAACGAGCGACGCUGUGAUGUUGUCUUGCGAAACAGGUCCAGUGCAGGUGGAAGUGGGUGACUUUGUGGCUUUGCUGUCAGCUCAAAUGACAC'
TOPICOS EM BIOIFORMATICA;22;vertical, horizontal = 'GUCACGGGACGUGCCCACAUUACGUCAACUUAGCGCUGAACGAUCCGUCGUGUGGCCCUUCCCAUAGAUUAACAAGACAUCAUCUGUCUUUUUUACUUAUUUUAUUUUAAUCCAUAACAUCAUUAGGCGUGCCACACCGCGGUAGACGGCGAGGCAAUCCGGAUUGGCUCUUGGGAUUUUGAAGUCCCGCACGACUCCUG', 'GUCACGUGCCCACGGCACAUUACGUCAACUUAGCUUAGCGCUGAACGAUUCGAUCCGUCGUGUGGCCCUUCCCAUAGAUUAACAAGACAUCAUCUAAUCUGUCUUUUUUACUUAAUCCAUCAUUAGGCGUGCC'
TOPICOS EM BIOIFORMATICA;23;vertical, horizontal = 'UGCGUGGCUCCGAGACCGGGGCUAGGUAUGGUUAGGUCUUCUAGACGAAUUGAGCAUCGCCUCGCUACGAAGUGUCGUGCCGAGUUUACCAUUUCUGCUGUUUGUCAGAUGCUGAUACCAACCCAUGGUUAACUCCGCGUGGCAGGGGCAACCGUCCCGGUUGUAAUGUCCCGUCCUUCCUUUGGAGCAGACAGUUCGCC', 'UGCGUGGCUCCGAGACCGAACCGGGGCUAGGUCUUCUAGACGAAUUGAGCAUCGCCUCGCUACGAAGUAUAGUGCCGAGUUUACCAUUUCUGCUGUUUGUCAGAUGCUGAUACCAUGGUUAACUCCGCGUUUA'
TOPICOS EM BIOIFORMATICA;24;vertical, horizontal = 'CUUCCAAGGCUAGGCACAUUGCUAAGCUAACAAACGGAUCACGACAUACAGCGCAGCGGUUCCCCACGACGGGUGUUGCUUGUCUUGCUCGCGUCUAUGAUUCCAGUGUUAAGGUGGUUGCGCCUAGCCGUGCGCGGUCGACAACGGGAUCAAAAUGCCUUUCCUGGAAUUGAUUAAAUGCGCAGACCUCGACAGUAGCA', 'CUUCCAAGGCACAUUUAAUUGCUAACAAACGCGACGGAGUGGAUCACGACAUACAGCGGUUCCCCACGACGGGUGUUGCUUGCUCGCGUCUAUGAUUCCAGUGUUAAGGUGGUUGCGCCGUGUAGUGCGCGGU'
TOPICOS EM BIOIFORMATICA;25;vertical, horizontal = 'UGGCGAAGUUUACUCGUUGUUGGCCGUUGCAGUAGGUCUCAUAUAGGUUCUGCGGUGUCUGUUCUUUUCCCUUGCUAACACCGUUUUCGUUUCUAGGAACAAAACAUCAUCUUCCUCGUCUCUCCCGGCCCUUAUAUUCUUGAUGACCUACCCUCGGCACUCUGCCCAAACGCAGUGUUGGAGGGGAAGGGUUUGGUGGU', 'UGGCGAAGUUUGUUUUACUCGUUGUUGGCCGUUGCAGUAGGUCUCAUAUAGGUUCUGCGGUGUCUACUCUUUUCCCUUGCUAACACCGUUUUCUAGGAACAAAACAUCAUCUUCCUCUCCCGGCGCGGCCCUU'
TOPICOS EM BIOIFORMATICA;26;vertical, horizontal = 'UUGUUAUCUGCGUUUUGCUCUAGAUCCCCACCCCUUUAUCUACGAGUACAUUUCCAUCUACAAUAUGCUGGAUGCGAGUCAUGCUUGAAAGCGCACGCAUCGCUGCACUGAGUCGGUUUUGUUUUAUACGCCCCCCAACUAGUCGAGUGUGCCUAUCCUCUAACUUAUUCACGAGCGAGUUACUGGAUUUCAAACACACC', 'UUGUUAUCUGCGUUUUGCUCUAGAUCCCCUUUAUCUACGAGUACAUUUCCGUUCCAUCACAUCUACAAUAUGCUGGACAGGAUGCGAGUAUAGUCAUGCUUGAAAGCGCACGCAUCGCUGAGUCGGUUUUAUA'
TOPICOS EM BIOIFORMATICA;27;vertical, horizontal = 'UCAAUUGCCGAGAGUCAUGUGCCACCGAUACCAUUAUUGAUGAGGUGAAUCGAGAAACUGUACGGCUGCACCUCGACGCGGAUCAGUUAAGCGACUUCUGCACAACACUACUAUACUCUAGUACCUAGGCUACCGAUGACUGCGAACAUCUUGCUAACUUUUAUACCCACCCUUGCCAGAACGUAUUAAAUUUAAAACUG', 'UCAAAUCAAUUGCCGAGAGUCAUGUGAAGUGCCACCGAUACCAUUAUUGAUGAAUCGAGAAACUGUACGGCUGCACCUCGACGCGGAUCAGUUAAGCGACUUCUGCACUACUCGGCUCUAGUACCUACGGUAC'
TOPICOS EM BIOIFORMATICA;28;vertical, horizontal = 'AGAGCAGUAGUAUAGUUACCUUCCCUUAAUCCCCAGCUUUCCCAGUAUUGUAUUUUUGACUUGUCCAGGUCUUUAUCGAGAUCAAUUGAGAGUUUAUGUUCAAUAUAAUACCCAAGCAAGACAGGUCGUUCAAAAGGUUGAAAACAAACCUGGCCUUUCCUUUAUGGCGUACUAUUGCAUACCUAGUCUUCCGAACCGAC', 'AGAGCAGUAGUUAAUCCCCAUCCCAUACCAGCUUUCCCAGUAUUUUUGUCCAGGUCUUUAUCGAGAUCAAUUGAGAGACGAGUUUAUGUUCAAUAUAAUACCCAAGCAAGACAGGUCGUUUUGUUCAAAAGGU'
TOPICOS EM BIOIFORMATICA;29;vertical, horizontal = 'UGCCGUAAAGGUUCUUACGUCACGGAAAUUCAAAUACCAUACCAGGGGAGGAAUGUAGAUAUGGAAAUAAUUCCUCGGAAGCCUGUACACGAAUUAGCACCAACCAUACCAUUCUCCGCGAGUAUGCGGUUUGUUCGUUAUCCACAACGAUUACCCCCAUGCGAUCGUCGUCACUCCCGAGCCGUGGCUACCAAAAGCUC', 'UGCCGUAAAGGUUCUUACGGAAAUUCAAAUACCGGACCAGGAAUGUAGAUAUGGAAAUAAUUCCUCGGAAGCCUGUACACGAAUUAGCACCAACCAUUCUCCGCGAGUAUGCGGUUUGUUCCAUUCGUUAUCC'
TOPICOS EM BIOIFORMATICA;30;vertical, horizontal = 'GAGAAGCGAAUGUCAGUGGUUGCUUGCUUCAAUGUAGGUUUAGCGUCAUGGCGGAAACGGGGUCAGUAGGCGGGCCGGGUUGCUACUGGAAAACAUACUGGCUACGUACGCUGGCUUGGCAUGGCCAAGUCAUUGUGGAACGGACGUGGUUCUGAACUGUAGCUCGCCUCGUCAUCAUGUCGCUCGGUACCCCCGCUUCC', 'GAGAAUGCAAUGUCAGUGGUUGCUUGCUUCAAUGUAACGUAGGUUUAGCGUCAUGGCGGAAACGGGGUCAGUAGGCGGGCCGGGUUGCUACUGGAAAACAUACUGGCUACGUACGCUGGCAUGGCCAAGUCAC'
TOPICOS EM BIOIFORMATICA;31;vertical, horizontal = 'CCUCCGGCAUUCUGCUGGCUAGAGUCUCCUACGUUAUUUCCUACUCCAUUCUCUUCGUUUUUGAUUGCUCUUAUCCGAGCCUCCUCCCGUGUACUGCAAUUCGAUUCCGCUGUUCGGGACGUCAAGAACUUGACUCCCCUCGACCGGACCGGCAAGAUCACCACAUUCACGUCCAUACAGUCCAUUUGAAGAAUCGAAGU', 'CCUCCGUCCCGGCAUUCUGCUGGCUAGAGUCUCCUACUGUACGCCACGUUAUUUCCUAGACUACUCCAUUCGUUUUUGAUUGCUCUUAUCCGAGCCUCCUCCCGUGUACUGCAAUUCCGCUGUUCGGGACGUC'
TOPICOS EM BIOIFORMATICA;32;vertical, horizontal = 'CUGCCUGCCUUAUCCAAUUUGCAGCUGAGCCGAGCGGCCCCCCCUCCUGUAGACCAAACCAUUCUUUCUCACUUCACUAAGGUACCCAAGAGGGCGGUCGCCGCGGCAAACCUUUUUUCAAAACAAUACUUUACAAUUGGCAUGGACGCUAGCUAGCCUACAGUAAAAAACUGAAGUUCUUGUCUUCCCAGUGUGGCUUA', 'CUGCCUGCCUCACCUUAUCCAAUUUGCAGCUGAGCCGAGCGGCCCCCCCUCCUGUAGACCAAACCAUUCUUUCUCACUUCACUAAGGUAGCGUACCCAAGUUAAGAGGGCGGUCGCCAUGCCGCGGCAAACCU'
TOPICOS EM BIOIFORMATICA;33;vertical, horizontal = 'UUACUGCCAAAGGAUGGACAAUGGACCGCCUGGCCGGAAGCAUCGCCAACAUUUCGUUUCAUUGACAGUCCAUGUAUGGAGUUUGUCUACAAAUGCAAAUUUCGACGUGCGGGUCCAGCUCGGGCAGAGCACUGCUGUCGGCCCAACUCAAACAAGAUGUACGGUACUAGCCAACAACCAGCAACGUAUCUCAGGGUCCC', 'UUACUGCCAAAGGAUGGACAAUGGACCGCCGGAAGCAUCGCCAACAUUUGAUUGACAGUCCAUGUAUGGAGUUUGUCUACAAAUGCAAAGAAAAUUUCGACGUGCGGGUCCAGCUCGGGCACUGCUGUCGGCC'
TOPICOS EM BIOIFORMATICA;34;vertical, horizontal = 'CUUCAGGCUGUCCGUCUCAGUAUAGCAUAACGAGAGCGAUACCCGUAUUGUAUUGCGUCACAUCAGAUCGGGCAAUCUGUCUCAACCUACCUACGACUCCCCUGUACUUGUAGCCAGACUGGAAAGUCCAUAGCAGUUUUAGUAGAAAACCCGCUGGGGCCCAUAGUGAAGUGUGUACAACACUCCGUUUAAGAGCUAUG', 'CUUCAGGCUGUCCGUCUCAGUAUAACGAGAGCGAUACCCGUAUUGCGUCAGAUCGGGCAAUCUGUCUCAACCUACCUAUGCUACGACUCCCCUGUACUUGUAGCCAGACUGGAAGCGAAAGUCCAUAGCAGUU'
TOPICOS EM BIOIFORMATICA;35;vertical, horizontal = 'UGUCGAGUCGACCGAUGAGACGAAUCGGGGGGGGCGUUCGUGCUGUCCGGGUGACCAGAACGUUUAGCAGUAGUAUAGUAGUCAAUGCCGUGGCGAUCGCAUCUUGGGGGGAGUGUACUAACGUAAGCGACAACCAAGACCGAGACGGCCAGAGAUUGGUGGGCUUUCGGACGUUGGACUUCCGGGCGGAGCGCCGCGCC', 'UGUCGACCGAUGAGACGAAUCGGGGGGGGCGUUAGGUUCCGUUCGUGCUGUCCGGGUGACCAGAACGUUUAGCAGUAGUAGGAUAGUCAAUGCCGUGGCGAUCUUGGGGGGAGUGUACUAAGCGACAACCAAG'
TOPICOS EM BIOIFORMATICA;36;vertical, horizontal = 'UGCUCCCCCAAAAGGUCAUUUAUCUCGCGGCUGCAUGUAACCAAACACGCAGGCGCCUCGCCUCCUUAGCGCUCUGCUCAAAUCUUCGCGUUCGGGAGCAUCCAAGCCACAGUGGUCCUUUGUCGUUACUCAACUACUUGAACGACAUGCCCCGCCUUUAUCAAAUAACGUCACGCGCUUCGCGGCUUUUCGGCGCCCUC', 'UGCUCCCCCAAAAGGUCAUUUAUCUCGCGGCUGCAUGUAUCUUAUCGUAACACGCAGGCGCCUCCUUAGCGCUCAAAUCUUCGCGUUCGGGAGCAUCCACAGUGGUCCUUUGUCAGGUCGUUACUCAACUACU'
TOPICOS EM BIOIFORMATICA;37;vertical, horizontal = 'GCAAGUGUCCGUAACGUACCGCACCCAAAAGAUUAUAUCAGUGGGGCGGUGAAUGGCCAAGUCACGAUCACCCCCCCAAAGCAAUACGGCGGACGUUUAUGAUGAGGAGCCUCUAUAUUCUCGUGAGUGGGGGCACGUUUCUACAUCCCAAAUACACCCUGCUGCACUGGACAAUGAAAUGGCUAAGCAACUUCUCUUGA', 'GCAAGUGUCCGUACCGCACCCAAAAGAUUAUAUCAGUGGGGCGGUGAAUGGCCUGGCCAAGUCACUGCACGAUCACCCCCCCAAUACGGCGGACGUUUGCUUACCUUUAUGAUGAGGAGCCUCUAUAUUCUCG'
TOPICOS EM BIOIFORMATICA;38;vertical, horizontal = 'CCUGCAUCUGGCGAGACACAGUCAGGUGUUUUCUGUUUUGGUAUAGGGUUCUUGGUCAGAAGGGUAUGGUCGAACGUAGCGCAAGUUAAGACGGGAGACGCUAGGUUGGCUGUGUGGAUUUACAUUCCCCUUUGUUAACAUAAACCUAUACAUGUGUUGCGUUCGGCGGUCACCAGACUUGGCUUACGUGGAGACGGUUA', 'CCUGCAUCUGGCGAGACACAACACAGUCAGGUGUUUUUUUUUCUGUUUUGGUAUAGGGUUCUUGGUCAGAAGGGUCGAACGUAGCGCAAGACGGGAGACGCUAUGCUAGGUUGGCUGUGUGGAUUUGCUUUAC'
TOPICOS EM BIOIFORMATICA;39;vertical, horizontal = 'GGAAGUCAAAGUACGUCGAUCCACACCAGAUUACGAUUGGUUUCGGAGACGGGACAAUGGCGUGGAACGUAAGUGCAUGGCAUUGGGUUCCAUUCGCAAUGGGACCCCCCUACUGAGCGACGACCAAUGAGCCAAGCGAGGCCUGGCUUUACUAGAACCACGUGAUCUUAGGAUUUUCAGUACGCGGCAAAAGGUGAGUG', 'GGAAGUCAAAGCAAAGUACGUCGAUCCAGAUUACGAUUGGUUUCGGAGACGGGACAAUGGCGUGGAACGUAAGUGCAUUGGGUUCGCAAUGGGACCUGACCCCCCGGCCCUACUGAGCGACGACCAAUGAGCG'
TOPICOS EM BIOIFORMATICA;40;vertical, horizontal = 'CGGUACAUUGUUGCAGGCAAUUGUGAAGUGAGUUAGACAUGGGCAGUUUAACCCUGGUGGGGUGGUUUACCUGACUGUACUACUUAUUGCGCUUUGGCUGCAGCUGGUCCCCUCCCCGUGCGAUUUCCCUUCAACGCAUGGUAGUGGGAACCUGUUGGAGAGGUUCUGAUGAAACUAACCCUGACAUGUUACUGGGCUGG', 'CGGUACAUUGUUGCAGGCAAUUGUGAGUUGUGUUAGACAUGGGCAGUUUAACCCUGGGAGGGGCUGGUGGUUUACCUGACUACUUAUUGCGCUUUGGCGGGGCUGCAGCCUAGCUGGUCCCCGUGCGAUUUCC'
